{
  "swagger": "2.0",
  "info": {
    "version": "1.0.0",
    "title": "API Documentation",
    "description": "My description"
  },
  "host": "localhost:8080",
  "basePath": "/",
  "tags": [],
  "schemes": [
    "http"
  ],
  "securityDefinitions": {
    "Bearer": {
      "description": "JWT Token",
      "type": "apiKey",
      "in": "header",
      "name": "Authorization"
    }
  },
  "consumes": [
    "application/json"
  ],
  "produces": [
    "application/json"
  ],
  "paths": {
    "/user": {
      "get": {
        "tags": [],
        "description": "",
        "parameters": [],
        "responses": {}
      },
      "post": {
        "tags": [
          "users"
        ],
        "description": "Route store user",
        "parameters": [
          {
            "name": "email",
            "in": "body",
            "description": "E-mail do usuário",
            "required": true,
            "type": "string"
          },
          {
            "name": "nome",
            "in": "body",
            "description": "Nome do usuário",
            "required": true,
            "type": "string"
          },
          {
            "name": "password",
            "in": "body",
            "description": "Senha do usuário com máximo de X caracter",
            "required": true,
            "type": "string"
          }
        ],
        "responses": {
          "200": {
            "description": "User successfully obtained.",
            "schema": {
              "$ref": "#/definitions/user"
            }
          },
          "400": {
            "description": "Bad Request"
          }
        },
        "security": [
          {
            "Bearer": []
          }
        ]
      }
    },
    "/user/{id}": {
      "get": {
        "tags": [],
        "description": "",
        "parameters": [
          {
            "name": "id",
            "in": "path",
            "required": true,
            "type": "string"
          }
        ],
        "responses": {}
      },
      "put": {
        "tags": [],
        "description": "",
        "parameters": [
          {
            "name": "id",
            "in": "path",
            "required": true,
            "type": "string"
          }
        ],
        "responses": {}
      },
      "delete": {
        "tags": [],
        "description": "",
        "parameters": [
          {
            "name": "id",
            "in": "path",
            "required": true,
            "type": "string"
          }
        ],
        "responses": {}
      }
    },
    "/login": {
      "post": {
        "tags": [],
        "description": "",
        "parameters": [
          {
            "name": "obj",
            "in": "body",
            "schema": {
              "type": "object",
              "properties": {
                "email": {
                  "type": "string",
                  "example": "any"
                },
                "password": {
                  "type": "string",
                  "example": "any"
                }
              }
            }
          }
        ],
        "responses": {
          "401": {
            "description": "Unauthorized"
          }
        }
      }
    },
    "/product": {
      "get": {
        "tags": [],
        "description": "",
        "parameters": [],
        "responses": {
          "401": {
            "description": "Unauthorized"
          }
        }
      }
    }
  },
  "definitions": {
    "user": {
      "type": "object",
      "properties": {
        "id": {
          "type": "string",
          "example": "ID"
        },
        "name": {
          "type": "string",
          "example": "Nome"
        },
        "email": {
          "type": "string",
          "example": "E-mail"
        },
        "password_hash": {
          "type": "string",
          "example": "Senha"
        }
      }
    }
  },
  "defaultModelsExpandDepth": -1
}